{"PRE PRINTED STATIONERY": [150655031.46, 0.0, 16010244.990000002, 12048187.810000002, 9190778.649999999, 11070837.999999993, 27926424.11, 11739237.080000013, 5800046.569999993, 8208996.989999995, 11942935.750000015, 13498092.719999999], "OTHER STATIONERY": [241803938.14, 0.0, 22038944.790000007, 15874225.659999996, 17467124.92, 24610126.86999999, 22031862.12000002, 19512096.329999983, 23414479.25999999, 22993771.79000002, 13627667.899999976, 13055693.5], "STAMPS & POSTAGES": [168209305.29, 0.0, 6344117.88, 4789196.37, 15639586.149999999, 19938510.410000004, 17571228.739999995, 19680107.53, 6306141.460000008, 35058588.72999999, 15399923.079999998, 27189814.939999998], "SATELLITE CABLE TV SUBSCRIPTION": [17901050.0, 0.0, 2633850.0, 1322600.0, 843000.0, 3010300.0, 789350.0, 845400.0, 1519500.0, 1192200.0, 736350.0, 2327300.0], "TELEPHONE EXPS": [15568505.17, 0.0, 1000000.0, 1358500.0, 1245654.6100000003, 1752345.0, 1222250.0, 1797859.71, 1158500.0, 1502500.0, 1187500.0, 2115395.8499999996], "TELEPHONE EXPS   OFFICE": [13652764.74, 0.0, 1174402.5099999998, 998649.3200000003, 635000.0, 1185568.1099999994, 986939.9600000009, 948999.6099999994, 1654243.8499999996, 1460697.6500000004, 894729.3800000008, 826904.2699999996], "PAPERS AND PERIODICALS": [5191600.0, 0.0, 16000.0, 0.0, 5000000.0, 23600.0, 0.0, 0.0, 0.0, 0.0, 69000.0, 23000.0], "LOCAL TRAVELS  LODGING & PASSAGE": [370172354.54, 0.0, 22599735.0, 25032368.0, 52507611.0, 18993285.0, 31130836.069999993, 12095250.0, 43525286.0, 31160423.0, 55442737.47000003, 39122496.0], "TAXI FARES": [9220000.0, 0.0, 735600.0, 444600.0, 784600.0, 879600.0, 733700.0, 694100.0, 800100.0, 1180200.0, 820800.0, 1104100.0], "CLEANING SERVICES": [970733250.0, 0.0, 88432250.0, 89161150.0, 88324750.0, 88343000.0, 88059550.0, 87772900.0, 87894350.0, 565100.0, 87968550.0, 88050300.0], "GENERATOR DIESEL OFFICE": [3024559232.57, 0.0, 297908203.32000005, 371548997.7399999, 237721527.0, 360151475.55999994, 176558451.11000013, 229567864.46000004, 294799603.8800001, 184067237.4699998, 314851170.7800002, 217792610.25], "GENERATOR DIESEL RESIDENCE": [45238100.0, 0.0, 5409000.0, 1222250.0, 1996000.0, 1760750.0, 5159000.0, 2666000.0, 4578100.0, 5115000.0, 6042000.0, 6881000.0], "UTILITIES   ELECTRICITY": [1316034373.89, 0.0, 114785609.77000001, 126633890.94999999, 124944772.08999997, 112316968.21000004, 112355076.98000002, 94528944.49000001, 110956198.28999996, 110839957.51999998, 113574307.65999997, 170718362.34000015], "UTILITIES   WATER RATES": [22962855.21, 0.0, 886912.0299999998, 937900.0, 781200.06, 500500.0, 942130.0, 549400.0, 527660.0, 3014053.130000001, 4090035.0199999996, 8842639.97], "UTILITIES   CLEANING": [258612141.31, 0.0, 12611075.0, 11923581.25, 15450000.0, 11781272.86, 16664019.150000006, 11548862.0, 18947188.5, 107571667.3, 12915433.5, 21140375.0], "UTILITIES ELECTRICITY (PAAS)": [2056796173.88, 0.0, 160163965.84000003, 160428344.32, 159799383.39999998, 165299183.72000003, 163401472.8499999, 164080536.59000015, 162920695.46000004, 188814353.90999985, 170238490.18000007, 241001485.6500001], "SERVICE CONTRACTS": [159768542.36, 0.0, 15037272.669999998, 16150552.350000001, 11610882.280000001, 10840354.420000002, 8160077.609999999, 5829521.469999999, 8752938.489999995, 523325.13000001013, 9679560.39, 51110195.10000001], "REP. & MAINT.   GENERATOR OFFICE": [510889545.18, 0.0, 53725649.160000004, 40198866.64, 52143456.96000001, 49813204.45999998, 50823774.25, 36884545.79000002, 45456272.110000014, 42490688.879999995, 28810293.75, 66958003.82999998], "INSURANCE   OPERATIONAL": [6879034.56, 0.0, 573252.8799999999, 573252.8800000001, 573252.8799999999, 573252.8799999999, 573252.8800000004, 624166.6600000001, 322224.8300000001, 773367.1499999994, 573252.8799999999, 573252.8799999999], "INSURANCE   FIRE  BURGLARY  ETC.": [390000.0, 0.0, 32500.0, 32500.0, 32500.0, 32500.0, 15500.0, 373138.61, 3657822.9899999998, 0.0, 32500.0, 32500.0], "INSURANCE   MOTOR VEHICLES": [36009741.25, 0.0, 10130747.02, 624166.6700000018, 624166.6699999981, 624166.6700000018, 624166.6699999981, 605752.8800000027, 642580.4499999993, 624166.6700000018, 624166.6699999943, 624166.8400000036], "INSURANCE - COMPUTER": [54779193.3, 0.0, 4661599.0600000005, 4661599.059999999, 4661599.060000002, 4661599.059999999, 4371600.210000001, 3998461.6000000015, 997291.7399999946, 8312379.8500000015, 4564932.770000003, 4564932.769999996], "INSURANCE - THEFT & BURGLARY": [70577962.45, 0.0, 5881496.869999999, 5881496.870000001, 5881496.870000001, 5881496.869999997, 5881496.870000005, 5289843.75, 6454749.75, 5899897.119999997, 5881496.869999997, 5881496.870000005], "RATES   LGA & OTHERS": [713147892.16, 0.0, 70082559.15, 31915110.820000008, 79104551.09999998, 81023387.98000002, 45190617.899999976, 54753404.610000014, 174720671.89999998, 84515544.51999998, 29097310.890000105, 31940857.96999991], "RENTS   OFFICE PREMISES": [18704647.49, 0.0, 377204.05999999994, 229497.39000000013, 180937.3899999999, 499557.39000000013, 10937.389999999898, 13151349.86, 877720.0199999996, 865720.0099999998, 865720.0100000016, 891595.8499999978], "RATES   PARKING LOT RENTALS": [9081420.0, 0.0, 1155900.0, 66400.0, 148600.0, 34000.0, 5626470.0, 33800.0, 43200.0, 50600.0, 53300.0, 91200.0], "REP. & MAINT.   OFF. EQUIP. & FI": [1344886649.98, 0.0, 123938142.47, 80525967.19999999, 122631122.75, 114557194.11000001, 115034592.64999998, 96524692.94000006, 129515497.60000002, 131222188.29999995, 100846602.05999994, 169710809.67000008], "REP. & MAINT.   OFFICE PREMISES": [444987588.11, 0.0, 44943882.71, 44836865.58, 39061896.000000015, 42153524.119999975, 53402592.360000014, 34471602.360000014, 27342913.139999986, 35582601.629999995, 36490623.839999974, 53827657.33000004], "REPAIRS & MAINTENANCE": [421568796.95, 0.0, 41396625.95, 31646195.159999996, 35405823.760000005, 28057345.25999999, 39928138.27000001, 35127244.879999995, 32054816.079999983, 41337750.31999999, 37162412.99000001, 47374424.94], "REP. & MAINT   RESIDENTIAL PREMI": [510000.0, 0.0, 30000.0, 70000.0, 0.0, 18000.0, 19000.0, 0.0, 0.0, 10000.0, 20000.0, 307500.0], "REP &  MAINT.GENERATOR RESIDENCE": [16049368.71, 0.0, 1272466.2099999995, 1272466.21, 1301466.21, 1272429.5500000007, 1292429.5499999989, 1272429.5500000007, 1272429.5500000007, 1272429.5499999989, 1214471.1500000004, 1388144.960000001], "REP & MAINT. VEHICLE OFFICE": [294885749.69, 0.0, 27028933.769999996, 17357558.53000001, 34932958.11, 19093284.889999986, 28074932.03, 22589903.73000002, 23593621.75, 23240179.199999988, 20404760.5, 40670051.94], "VEH. MAINT.   LICENSE & OTHERS": [35798220.0, 0.0, 18188037.5, 1372000.0, 1027852.5, 2135800.0, 1193750.0, 788050.0, 2253250.0, 4049100.0, 1580950.0, 1235750.0], "VEHICLE MAINTENANCE": [15844189.5, 0.0, 1285600.0, 1367500.0, 938100.0, 1518400.0, 1776950.0, 1486300.0, 1473500.0, 1815112.5, 1564200.0, 812700.0], "REPAIRS & MAINT. - M/CYCLE": [11935987.51, 0.0, 1010625.0, 491550.0, 1461300.0, 1874737.5, 1382337.5099999998, 79650.0, 1259112.5, 596437.5, 1660125.0, 1000675.0], "REP & MAINT. VEHICLE STATUS": [4437680.0, 0.0, 45000.0, 1175875.0, 0.0, 248200.0, 1101375.0, 27500.0, 142000.0, 92000.0, 486355.0, 0.0], "OFFICE EXPS": [403898773.25, 0.0, 31591537.340000004, 29661540.629999995, 32511016.53, 29359971.569999993, 32518437.76000002, 35743163.609999985, 28821876.190000027, 46199925.40999997, 32917290.449999988, 43705128.98000002], "SMALL OFFICE ITEMS": [13773686.0, 0.0, 981200.0, 1368900.0, 2177466.0, 1346400.0, 1338600.0, 1157680.0, 1184150.0, 1174740.0, 711650.0, 1044850.0], "OFFICE PROVISIONS": [3622064.5, 0.0, 239983.0, 400829.0, 292660.0, 455967.5, 251790.0, 459970.0, 347980.0, 312200.0, 345205.0, 135720.0], "UNCAPITALISED FIXED ASSETS": [1331925.0, 0.0, 359483.75, 381196.25, 379745.0, 0.0, 0.0, 0.0, 8000.0, 0.0, 0.0, 0.0],