{"DRIVERS / DISPATCH": [348000.0, 476550.0, 579050.0, 551200.0, 626850.0, 614290.0, 890551.0, 743250.0, 926700.0, 869150.0, 868000.0, 836699.9699999997], "COMPUTER CONSUMABLES": [7013677.5, 4944768.199999999, 5237108.0, 6673937.5, 5975578.34, 3508463.0, 6801017.5, 3551521.0, 1909500.0, 3849953.0, 4969596.0, 3516144.0200000033], "PRE PRINTED STATIONERY": [5538374.7, 11280437.75, 8831946.0, 12573742.290000003, 20260934.489999995, 4915639.25, 10139175.390000008, 13142204.039999992, 12674902.710000008, 5965966.25999999, 19580421.5, 17081398.0], "OTHER STATIONERY": [16692906.96, 18957448.53, 14309830.549999997, 19337221.110000007, 23428525.75, 15345486.649999991, 23227854.89, 24320494.00999999, 18155673.5, 15501030.320000023, 31499649.810000002, 23430101.189999998], "STAMPS & POSTAGES": [6556967.15, 3639690.8100000005, 10050187.11, 5584294.669999998, 8237944.580000002, 2382149.579999998, 10663684.130000003, 7087743.640000001, 3736590.969999999, 7457450.990000002, 5420986.18, 18670166.099999994], "FOREIGN TRAVELS  LODGING & PASSA": [446727.0, 0.0, 0.0, 48200000.0, 94455.0, 0.0, 0.0, 3840206.0, 52172432.769999996, 7025335.0, -22643044.50999999, 1044731.9599999934], "SATELLITE CABLE TV SUBSCRIPTION": [625450.0, 516500.0, 575200.0, 427500.0, 568950.0, 2959500.0, 758387.5, 1204225.0, 1819225.0, 886575.0, 817100.0, 1957461.0], "TELEPHONE EXPS": [81100.0, 70000.0, 324469.02, 55600.0, 51000.0, 39500.0, 15000.0, 7000.0, 0.0, 50000.0, 20000.0, 28000.0], "TELEPHONE EXPS   OFFICE": [2638915.0, 1516736.85, 1609921.5900000003, 1671486.9399999995, 1230712.6599999992, 1171488.1900000013, 1128279.5899999999, 1534877.5099999998, 1556415.58, 1481436.0600000005, 2722131.6899999995, 1340532.9899999984], "LOCAL TRAVELS  LODGING & PASSAGE": [9753610.0, 9351196.399999999, 7039750.0, 15042105.0, 21137174.980000004, 9092790.999999993, 24557303.0, 18547100.0, 9834177.060000002, 25906797.25999999, 35782573.5, 25828696.5], "TAXI FARES": [20600.0, 10000.0, 18500.0, 27100.0, 27500.0, 56900.0, 39900.0, 20000.0, 0.0, 2200.0, 74870.0, 21700.0], "CLEANING SERVICES": [39310000.0, 39311715.0, 39282000.0, 39160000.0, 57060750.0, 57007000.0, 56946625.0, 56941625.0, 57203125.0, 106968750.0, 83071625.0, 87451000.0], "GENERATOR DIESEL OFFICE": [176715350.0, 326145610.0, 467827132.5, 426942512.18000007, 325679425.0, 284164230.0, 312063760.08000016, 213273686.0, 238550768.05999994, 245588069.83999968, 242372556.17000008, 217266309.0500002], "GENERATOR DIESEL RESIDENCE": [525000.0, 0.0, 6553000.0, 5030000.0, 6300000.0, 1160000.0, 1160000.0, 3458000.0, 3365000.0, 6546000.0, 5821000.0, 2144000.0], "UTILITIES   ELECTRICITY": [27116351.24, 48413460.47, 36818670.870000005, 48945723.89999999, 69436312.96000001, 61121574.95999998, 81385577.58000004, 71346130.59999996, 78833412.59000003, 111769102.97999996, 87309277.69000006, 103615555.23000002], "UTILITIES   WATER RATES": [894616.0, 638346.0, 583630.0, 623072.25, 600120.0, 278612.25, 526156.25, 510856.25, 397187.5, 757457.5, 557400.0, 851846.25], "UTILITIES   CLEANING": [6901288.48, 9359852.75, 6623200.0, 9219606.25, 13191699.499999996, 9643982.14, 12495340.080000006, 12583516.0, 7366175.0, 16294675.0, 12385351.5, 13115414.439999998], "UTILITIES ELECTRICITY (PAAS)": [91976339.89, 88295702.17999999, 109314681.50999999, 110919898.50999999, 136861246.70999998, 163623396.57000005, 157932785.26999998, 153005204.44000006, 153180501.42999995, 147217918.8399999, 145152929.3800001, 250170517.92000008], "SERVICE CONTRACTS": [7310808.98, 13211258.34, 8150971.780000001, 7508951.799999997, 37833059.24, 7776439.790000007, 20406965.239999995, 11168715.170000002, 7501434.530000001, 19910054.840000004, 7488662.289999992, 6208864.430000007], "REP. & MAINT.   GENERATOR OFFICE": [21301546.0, 32012226.990000002, 28847115.729999997, 41339355.650000006, 37814418.16, 39239180.03, 47181969.49000001, 31714024.860000014, 36075288.56999999, 48772452.22999996, 27715869.74000001, 58741667.22000003], "INSURANCE   OPERATIONAL": [0.0, 26492578.13, 27065831.000000004, 0.0, 573252.8799999952, 573252.8900000006, 0.0, 0.0, 0.0, 573252.8800000027, 573252.8799999952, 573252.8800000027], "INSURANCE   FIRE  BURGLARY  ETC.": [0.0, 48750.0, 4047211.6, 0.0, 32500.0, 32500.0, 0.0, 0.0, 0.0, 32500.0, 32499.999999999534, 32500.0], "INSURANCE   MOTOR VEHICLES": [12403935.53, 12403935.53, 13034050.030000005, 12403935.529999994, 12403935.530000001, 12403935.530000009, 12403935.529999986, 12403935.530000001, 12418935.530000001, 13746018.850000009, 13746018.849999994, 13746018.849999994], "INSURANCE - COMPUTER": [0.0, 6942864.15, 7559092.15, 0.0, 4628576.099999998, 4628576.110000003, 0.0, 0.0, 0.0, 4628576.099999998, 4628576.1000000015, 4628576.1000000015], "INSURANCE - WORKMEN COMPENSATION": [0.0, 10386708.0, 28762927.1, 0.0, 67833800.60999998, 23139633.46000001, 28243190.070000008, 28243190.069999993, 28243190.069999993, 16788414.330000013, 16788414.329999983, 16788414.330000013], "INSURANCE - THEFT & BURGLARY": [0.0, 875591.99, 6512310.75, 0.0, 6220446.74, 6220446.759999998, 0.0, 0.0, 0.0, 6220446.740000002, 6220446.739999998, 6220446.740000002], "RATES   LGA & OTHERS": [24021048.39, 52519330.34, 59374268.719999984, 33425926.340000004, 7289241.680000007, 12642378.789999992, 71989175.82000002, 65185979.869999975, -56708498.43000001, 13513831.860000014, 26801795.54000002, 53367312.06999999], "RENTS   OFFICE PREMISES": [813626.74, 547754.74, 418413.22, 418413.2300000002, 311480.71999999974, 311480.7200000002, 6150378.649999999, 796693.2800000012, 639259.6099999994, 744215.3900000006, 1048352.0599999987, 1977613.0600000005], "RATES   PARKING LOT RENTALS": [843200.0, 842200.0, 667320.0, 153700.0, 26707391.0, 198700.0, 248700.0, 417920.0, 348150.0, 296100.0, 61500.0, 62600.0], "REP. & MAINT.   COMPUTER EQUIPME": [3544172.44, 2845352.0000000005, 2421837.999999999, 2225742.5, 6398432.369999999, 6481079.75, 8492864.350000001, 5079626.999999996, 6613333.270000003, 5014646.75, 4450420.030000001, 4646466.530000001], "REP. & MAINT.   OFF. EQUIP. & FI": [76556513.71, 67401389.82000001, 84279319.66999999, 96058207.17000002, 93229653.69, 65158958.639999986, 110207944.22999996, 81206296.69000006, 87974621.84000003, 112294886.71999991, 78625094.25, 125872598.06000006], "REP. & MAINT.   OFFICE PREMISES": [9833772.66, 18443876.75, 21115458.349999998, 15963105.600000001, 37557737.64, 27511612.08, 37284551.980000004, 40557727.889999986, 30339736.360000014, 61700202.50999999, 53808064.56, 129280612.70999998], "REPAIRS & MAINTENANCE": [13676392.8, 24057453.169999998, 26232797.800000004, 32686105.889999993, 37753985.71000001, 23094221.5, 22533351.650000006, 15600853.289999992, 21938807.27000001, 22483713.679999977, 20525060.830000013, 27080979.869999975], "REP. & MAINT   RESIDENTIAL PREMI": [0.0, 0.0, 0.0, 0.0, 0.0, 0.0, 50000.0, 0.0, 0.0, 0.0, 0.0, 0.0], "REP &  MAINT.GENERATOR RESIDENCE": [1065229.91, 30297888.18, 1065229.9100000001, 1065229.9200000018, 1065229.9200000018, 1065229.9199999943, 1065229.9100000039, 1107839.1099999994, 1171752.9099999964, 1278275.900000006, 1498014.009999998, 1591394.960000001], "REP & MAINT. VEHICLE OFFICE": [13092972.19, 13536419.65, 14457209.500000004, 19701798.549999997, 25058814.47, 12510140.689999998, 21784273.870000005, 16607988.749999985, 16681549.900000006, 22394151.330000013, 21113866.849999994, 31851113.5], "VEH. MAINT.   LICENSE & OTHERS": [1142699.49, 1098921.8499999999, 15055502.5, 730784.8999999985, 2399987.4800000004, 1733162.5, 2024487.5, 860015.0, 518400.0, 3071185.0, 1457875.0, 1626337.5], "VEHICLE MAINTENANCE": [263600.0, 199700.0, 105000.0, 73900.0, 95400.0, 25600.0, 46200.0, 85000.0, 23500.0, 19952.0, 78200.0, 24500.0], "REPAIRS & MAINT. - M/CYCLE": [541800.0, 353162.5, 1874199.0, 831886.5, 727149.5, 536479.0, 996037.5, 620687.0, 345214.5, 1009549.0, 770862.5, 697112.5], "REP & MAINT. VEHICLE STATUS": [1135125.0, 0.0, 721375.0, 0.0, 0.0, 604500.0, 0.0, 0.0, 1005250.0, 0.0, 0.0, 0.0],